difficulty,wave,traits_percent,poison_traits,bleed_traits,specialist_percent,poison_tick,poison_duration,bleed_tick,bleed_duration
easy,4,0.00,0,0,0.00,1.300,3.20,1.300,2.40
easy,6,0.00,0,0,0.00,1.300,3.20,1.300,2.40
easy,8,0.00,0,0,3.72,1.391,3.20,1.391,2.40
easy,12,0.81,42,39,7.24,1.573,3.20,1.573,2.40
easy,20,7.14,365,349,9.12,1.937,3.20,1.937,2.40
easy,40,7.98,406,392,12.28,2.197,3.20,2.197,2.40
easy,100,7.98,406,392,14.03,2.587,3.20,2.587,2.40
normal,4,0.00,0,0,0.00,2.000,4.00,2.000,3.00
normal,6,0.00,0,0,5.66,2.000,4.00,2.000,3.00
normal,8,0.00,0,0,10.40,2.140,4.00,2.140,3.00
normal,12,4.64,238,226,11.64,2.420,4.00,2.420,3.00
normal,20,14.27,714,713,13.88,2.980,4.00,2.980,3.00
normal,40,17.71,888,883,17.99,3.380,4.00,3.380,3.00
normal,100,17.71,888,883,20.23,3.980,4.00,3.980,3.00
hard,4,0.00,0,0,7.19,2.500,4.40,2.500,3.30
hard,6,1.79,88,91,13.05,2.500,4.40,2.500,3.30
hard,8,5.23,270,253,14.09,2.675,4.40,2.675,3.30
hard,12,12.59,641,618,15.64,3.025,4.40,3.025,3.30
hard,20,26.86,1342,1344,18.18,3.725,4.40,3.725,3.30
hard,40,27.82,1390,1392,21.42,4.225,4.40,4.225,3.30
hard,100,27.82,1390,1392,24.04,4.975,4.40,4.975,3.30
hell,4,2.25,225,0,9.65,3.000,4.80,3.000,3.60
hell,6,6.61,339,322,17.40,3.000,4.80,3.000,3.60
hell,8,10.95,553,542,18.49,3.210,4.80,3.210,3.60
hell,12,19.64,988,976,19.76,3.630,4.80,3.630,3.60
hell,20,35.96,1833,1763,22.43,4.470,4.80,4.470,3.60
hell,40,35.96,1833,1763,25.71,5.070,4.80,5.070,3.60
hell,100,35.96,1833,1763,28.74,5.970,4.80,5.970,3.60
